"IL_1ET4_004","1"
"IL_3F1H_032","1"
"IL_3F1H_034","1"
"IL_3F1H_046","1"
"IL_3F1H_066","1"
"IL_3F1H_077","1"
"IL_3F1H_098","1"
"IL_1S72_002","1"
"IL_1S72_010","1"
"IL_1S72_030","1"
"IL_1S72_040","1"
"IL_1S72_064","1"
"IL_1S72_074","1"
"IL_1S72_077","1"
"IL_1S72_088","1"
"IL_1S72_096","1"
"IL_1S72_104","1"
"IL_2ZJR_002","1"
"IL_2ZJR_031","1"
"IL_2ZJR_056","1"
"IL_2ZJR_068","1"
"IL_2ZJR_076","1"
"IL_2ZJR_093","1"
"IL_1FJG_001","1"
"IL_1FJG_007","1"
"IL_1FJG_014","1"
"IL_1FJG_016","1"
"IL_1FJG_036","1"
"IL_1FJG_040","1"
"IL_1FJG_043","1"
"IL_3G78_004","1"
"IL_3DIR_001","1"
"IL_3DIR_005","1"
"IL_3D0U_001","1"
"IL_3D0U_005","1"
"IL_1GID_002","1"
"IL_1GID_005","1"
"IL_1GID_009","1"
"IL_1U9S_001","1"
"IL_1U9S_003","1"
"IL_1U9S_006","1"
"IL_3HHN_001","1"
"IL_3HHN_003","1"
"IL_2GIS_001","1"
"IL_3MUR_003","1"
"IL_3MUR_004","1"
"IL_3D2V_001","1"
"IL_3D2V_004","1"
"IL_1F7Y_002","1"
"IL_2VPL_002","1"
"IL_2VPL_005","1"
"IL_1S03_002","1"
"IL_1S03_005","1"
"IL_1S03_006","1"
"IL_2ZY6_002","1"
"IL_1ET4_002","1"
"IL_1ET4_008","1"
"IL_3B31_001","1"
"IL_2QUX_001","1"
"IL_2QUX_002","1"
"IL_2QUX_003","1"
"IL_2QUX_004","1"
"IL_2QUX_005","1"
"IL_2QUX_006","1"
"IL_2PN4_003","1"
"IL_2PN4_008","1"
"IL_2NOK_003","1"
"IL_2NOK_006","1"
"IL_2PJP_001","1"
"IL_2PLY_001","1"
"IL_2PLY_002","1"
"IL_3MEI_001","1"
"IL_2BQ5_001","1"
"IL_1R3E_001","1"
"IL_1R3E_002","1"
"IL_2BU1_001","1"
"IL_2BU1_002","1"
"IL_2IZN_001","1"
"IL_2IZN_002","1"
"IL_2C4Z_001","1"
"IL_2C4Z_002","1"
"IL_6MSF_001","1"
"IL_1DUQ_004","1"
"IL_1DUQ_008","1"
"IL_2C50_001","1"
"IL_2C50_002","1"
"IL_2IZ9_001","1"
"IL_2IZ9_002","1"
"IL_1FUF_002","1"
"IL_1FUF_003","1"
"IL_2IZM_001","1"
"IL_2IZM_002","1"
"IL_1I9X_001","1"
"IL_1I9X_002","1"
"IL_1DQH_001","1"
"IL_1JZV_002","1"
"IL_1JZV_005","1"
"IL_3F1H_002","1"
"IL_3F1H_018","1"
"IL_3F1H_037","1"
"IL_1S72_014","1"
"IL_2ZJR_011","1"
"IL_2ZJR_015","1"
"IL_2ZJR_034","1"
"IL_3G78_015","1"
"IL_3OWZ_001","1"
"IL_3OWZ_005","1"
"IL_2OIU_001","1"
"IL_2OIU_003","1"
"IL_1S03_001","1"
"IL_2BQ5_002","1"
"IL_1CSL_002","1"
"IL_1DUQ_002","1"
"IL_1DUQ_006","1"
"IL_1S72_067","1"
"IL_1FJG_035","1"
"IL_1GID_012","1"
"IL_3F1H_087","1"
"IL_3F1H_105","1"
"IL_1S72_022","1"
"IL_1S72_042","1"
"IL_1S72_099","1"
"IL_1KXK_003","1"
"IL_1S72_086","1"
"IL_2ZJR_016","1"
"IL_1FJG_002","1"
"IL_2IPY_005","1"
"IL_2ZJR_065","1"
"IL_2ZJR_091","1"
"IL_2IPY_002","1"
"IL_1FJG_005","1"
"IL_2NZ4_007","1"
"IL_1S72_027","1"
"IL_1S72_026","1"
"IL_397D_001","1"
"IL_1MJI_001","1"
"IL_1MJI_003","1"
"IL_3F1H_073","1"
"IL_1S72_070","1"
"IL_1S72_045","1"
"IL_1S72_095","2"
"IL_1YZ9_001","2"
"IL_1YZ9_002","2"
"IL_1FJG_056","2"
"IL_2ZJR_030","2"
"IL_3MEI_002","2"
"IL_2ZKO_001","2"
"IL_1RPU_001","2"
"IL_1ZEV_002","2"
"IL_1ZEV_004","2"
"IL_1ZEV_005","2"
"IL_3GLP_002","2"
"IL_3GLP_003","2"
"IL_3GLP_004","2"
"IL_2QEK_001","2"
"IL_1ZEV_003","2"
"IL_1ZEV_006","2"
"IL_1ZH5_001","2"
"IL_3F1H_043","2"
"IL_2ZJR_090","2"
"IL_2ZJR_100","2"
"IL_3NJ6_001","2"
"IL_3NJ6_002","2"
"IL_3F1H_094","2"
"IL_2ZJR_107","2"
"IL_3F1H_014","2"
"IL_3GLP_001","2"
"IL_3F1H_081","2"
"IL_2ZJR_025","2"
"IL_3F1H_039","2"
"IL_2ZJR_042","2"
"IL_2ZJR_053","2"
"IL_3F1H_054","2"
"IL_1L9A_007","2"
"IL_3NJ7_002","2"
"IL_3NJ7_005","2"
"IL_3F1H_113","2"
"IL_2ZJR_029","2"
"IL_3NJ7_003","2"
"IL_3NJ7_004","2"
"IL_3NJ7_006","2"
"IL_3NJ7_001","2"
"IL_1FJG_044","2"
"IL_2ZJR_013","2"
"IL_3BNT_001","2"
"IL_3BNL_001","2"
"IL_3BNQ_006","2"
"IL_3BNQ_007","2"
"IL_3BNQ_012","2"
"IL_2O3Y_001","2"
"IL_1T0E_002","2"
"IL_1T0D_002","2"
"IL_1T0D_004","2"
"IL_1ZX7_008","2"
"IL_1U9S_007","2"
"IL_3HL2_002","2"
"IL_1MZP_001","2"
"IL_3BNT_006","2"
"IL_1Z7F_001","2"
"IL_1MWL_004","2"
"IL_3BNL_004","2"
"IL_3BNP_001","2"
"IL_3BNP_004","2"
"IL_2FQN_001","2"
"IL_2FQN_004","2"
"IL_2O3Y_004","2"
"IL_2O3V_001","2"
"IL_2O3V_004","2"
"IL_2OE5_001","2"
"IL_1ZX7_002","2"
"IL_1ZX7_004","2"
"IL_3F1H_016","2"
"IL_3F1H_033","2"
"IL_1S72_047","2"
"IL_2ZJR_010","2"
"IL_2ZJR_019","2"
"IL_2ZJR_036","2"
"IL_2ZJR_079","2"
"IL_1FJG_006","2"
"IL_1FJG_058","2"
"IL_1FJG_062","2"
"IL_3DIR_006","2"
"IL_3D0U_006","2"
"IL_3HHN_004","2"
"IL_3FO4_001","2"
"IL_1KFO_002","2"
"IL_1KFO_003","2"
"IL_1Z7F_002","2"
"IL_1NLC_001","2"
"IL_1MWL_001","2"
"IL_3BNQ_001","2"
"IL_2O3X_004","2"
"IL_1O9M_004","2"
"IL_1ZEV_001","2"
"IL_405D_001","2"
"IL_405D_002","2"
"IL_1ZX7_006","2"
"IL_157D_001","2"
"IL_3F1H_080","2"
"IL_1S72_024","2"
"IL_1FJG_010","2"
"IL_3HHN_002","2"
"IL_3CUN_002","2"
"IL_3E5C_001","2"
"IL_1XJR_003","2"
"IL_2Q1R_001","2"
"IL_2Q1R_002","2"
"IL_1NLC_002","2"
"IL_5MSF_001","2"
"IL_5MSF_002","2"
"IL_157D_002","2"
"IL_1S72_085","2"
"IL_2QWY_002","3"
"IL_2QWY_008","3"
"IL_2ZJR_023","3"
"IL_3F1H_005","3"
"IL_1S72_079","3"
"IL_1O9M_001","3"
"IL_2O3X_001","3"
"IL_2ZJR_005","3"
"IL_2ZJR_055","3"
"IL_1S72_005","3"
"IL_3F1H_023","3"
"IL_2ZJR_044","3"
"IL_2ZJR_021","3"
"IL_3MOJ_004","3"
"IL_2O3X_003","3"
"IL_2QWY_005","3"
"IL_3F1H_064","3"
"IL_1S72_062","3"
"IL_2ZJR_063","3"
"IL_1MWL_002","3"
"IL_1MWL_003","3"
"IL_2O3X_002","3"
"IL_1O9M_002","3"
"IL_1ZX7_003","3"
"IL_1ZX7_005","3"
"IL_1ZX7_007","3"
"IL_1FJG_057","3"
"IL_1T0E_001","3"
"IL_1ZX7_001","3"
"IL_1QBP_005","4"
"IL_1L9A_005","4"
"IL_2NOK_007","4"
"IL_1S72_018","4"
"IL_1GID_008","4"
"IL_2NOK_004","4"
"IL_1QBP_008","4"
"IL_1S72_012","4"
"IL_1GID_001","4"
"IL_1L9A_002","4"
"IL_1G1X_003","4"
"IL_1JID_002","4"
"IL_402D_001","4"
"IL_2ZJR_040","4"
"IL_1FJG_029","4"
"IL_1D4R_001","4"
"IL_1D4R_003","4"
"IL_2PN4_004","4"
"IL_2PN4_009","4"
"IL_280D_001","4"
"IL_280D_002","4"
"IL_165D_001","4"
"IL_413D_001","4"
"IL_255D_001","4"
"IL_422D_001","4"
"IL_1QBP_002","4"
"IL_1F7Y_003","4"
"IL_2ZJR_086","5"
"IL_3F1H_090","5"
"IL_2ZJR_074","5"
"IL_2ZJR_085","5"
"IL_3F1H_108","5"
"IL_2ZJR_083","5"
"IL_1ET4_006","5"
"IL_1ET4_010","5"
"IL_2ZJR_089","5"
"IL_3F1H_075","5"
"IL_1I6U_003","5"
"IL_1FJG_024","5"
"IL_3OWZ_003","5"
"IL_3OWZ_007","5"
"IL_1S03_008","5"
"IL_1I6U_001","5"
"IL_3F1H_089","5"
"IL_1S72_080","5"
"IL_1QA6_002","5"
"IL_1QA6_004","5"
"IL_1S03_004","5"
"IL_1XJR_002","5"
"IL_3F1H_008","5"
"IL_1FJG_028","5"
"IL_3NKB_002","5"
"IL_1G1X_002","5"
"IL_3F1H_070","6"
"IL_3F1H_031","6"
"IL_1FJG_051","6"
"IL_1FJG_004","6"
"IL_1FJG_052","6"
"IL_2ZJR_003","6"
"IL_2ZJR_027","6"
"IL_1FJG_038","6"
"IL_2QWY_006","6"
"IL_2QWY_009","6"
"IL_1S72_033","6"
"IL_1FJG_042","6"
"IL_2QWY_003","6"
"IL_1S72_035","6"
"IL_3F1H_027","6"
"IL_2GDI_003","6"
"IL_2GDI_007","6"
"IL_3F1H_078","6"
"IL_1S72_075","6"
"IL_2ZJR_077","6"
"IL_3F1H_092","7"
"IL_2ZJR_088","7"
"IL_3F1H_026","7"
"IL_2QWY_001","7"
"IL_2ZJR_071","7"
"IL_3MUR_002","7"
"IL_3F1H_015","7"
"IL_3G78_002","7"
"IL_2ZJR_012","7"
"IL_1S72_021","7"
"IL_2ZJR_050","7"
"IL_2QWY_007","7"
"IL_1S72_023","7"
"IL_1S72_055","7"
"IL_1FJG_033","7"
"IL_2QWY_004","7"
"IL_1FJG_023","7"
"IL_1G1X_001","8"
"IL_3D0U_004","8"
"IL_3DIR_004","8"
"IL_1NTB_003","8"
"IL_3F1H_048","8"
"IL_3F1H_063","8"
"IL_1S72_008","8"
"IL_1S72_050","8"
"IL_1S72_061","8"
"IL_2ZJR_022","8"
"IL_2ZJR_046","8"
"IL_2ZJR_062","8"
"IL_1FJG_027","8"
"IL_1F7Y_001","8"
"IL_2DR2_001","9"
"IL_2O3Y_003","9"
"IL_3F1H_086","9"
"IL_1S72_098","9"
"IL_2ZJR_057","9"
"IL_2ZJR_082","9"
"IL_1FJG_059","9"
"IL_3DIR_002","9"
"IL_3D0U_002","9"
"IL_1SA9_001","9"
"IL_1SA9_002","9"
"IL_1SAQ_002","9"
"IL_1Q96_003","10"
"IL_3F1H_006","10"
"IL_3F1H_047","10"
"IL_1S72_006","10"
"IL_2ZJR_006","10"
"IL_2ZJR_007","10"
"IL_2ZJR_045","10"
"IL_1JBR_001","10"
"IL_1JBR_002","10"
"IL_1Q96_001","10"
"IL_1Q96_002","10"
"IL_1I6U_004","11"
"IL_1FJG_025","11"
"IL_1U9S_004","11"
"IL_1S72_068","11"
"IL_2ZJR_069","11"
"IL_1S72_101","11"
"IL_1U9S_002","11"
"IL_1U9S_005","11"
"IL_1S03_003","11"
"IL_1S03_007","11"
"IL_1I6U_002","11"
"IL_1GID_010","12"
"IL_3LOA_001","12"
"IL_3FTM_001","12"
"IL_3FTM_002","12"
"IL_3FS0_001","12"
"IL_3G78_010","12"
"IL_1GID_003","12"
"IL_3BNQ_008","12"
"IL_3BNT_002","12"
"IL_3BNT_005","12"
"IL_3BNQ_002","12"
"IL_2ZJR_039","13"
"IL_1S72_003","13"
"IL_2QBZ_004","13"
"IL_3F1H_003","13"
"IL_2ZJR_018","13"
"IL_1MMS_002","13"
"IL_1MMS_004","13"
"IL_3F1H_021","13"
"IL_3F1H_042","13"
"IL_1S72_029","13"
"IL_1ET4_009","14"
"IL_1S72_082","14"
"IL_3F1H_091","14"
"IL_1XJR_001","14"
"IL_2OEU_001","14"
"IL_2ZJR_087","14"
"IL_1ET4_001","14"
"IL_1ET4_003","14"
"IL_1ET4_005","14"
"IL_1ET4_007","14"
"IL_3DVZ_001","15"
"IL_3F1H_007","15"
"IL_3F1H_100","15"
"IL_1S72_007","15"
"IL_1S72_020","15"
"IL_1S72_049","15"
"IL_1S72_090","15"
"IL_1S72_103","15"
"IL_2ZJR_095","15"
"IL_2ZJR_043","16"
"IL_3F1H_004","16"
"IL_3F1H_045","16"
"IL_1S72_004","16"
"IL_1S72_032","16"
"IL_2ZJR_004","16"
"IL_2GIS_002","16"
"IL_3F1H_084","16"
"IL_1S72_048","16"
"IL_1O9M_003","17"
"IL_3LOA_003","17"
"IL_3F1H_062","17"
"IL_3CZW_001","17"
"IL_3CZW_002","17"
"IL_420D_001","17"
"IL_420D_002","17"
"IL_2R22_001","17"
"IL_1S72_052","18"
"IL_3F1H_057","18"
"IL_1S72_092","18"
"IL_3F1H_035","18"
"IL_3F1H_050","18"
"IL_1S72_038","18"
"IL_2ZJR_032","18"
"IL_2ZJR_052","18"
"IL_2ZJR_096","19"
"IL_3F1H_049","19"
"IL_2ZJR_047","19"
"IL_1FJG_015","19"
"IL_3F1H_101","19"
"IL_1S72_051","19"
"IL_1S72_091","19"
"IL_1FJG_013","19"
"IL_1LNT_002","20"
"IL_3G78_007","20"
"IL_1D4R_002","20"
"IL_1L9A_008","20"
"IL_1DUH_002","20"
"IL_1DUH_004","20"
"IL_2PXV_002","20"
"IL_2ZJR_078","21"
"IL_3F1H_085","21"
"IL_1L9A_004","21"
"IL_3F1H_079","21"
"IL_1S72_078","21"
"IL_3F1H_011","21"
"IL_1S72_076","21"
"IL_3F1H_056","22"
"IL_3F1H_088","22"
"IL_2ZJR_084","22"
"IL_3G78_012","22"
"IL_3F1H_068","22"
"IL_2ZJR_067","22"
"IL_1DUQ_005","23"
"IL_1DUQ_003","23"
"IL_1DUQ_007","23"
"IL_1S72_037","23"
"IL_1CSL_001","23"
"IL_1DUQ_001","23"
"IL_1DFU_001","24"
"IL_3F1H_112","24"
"IL_2ZJR_106","24"
"IL_364D_003","24"
"IL_1FEU_001","24"
"IL_1FEU_002","24"
"IL_2OEU_002","25"
"IL_2ZJR_038","25"
"IL_1QA6_001","25"
"IL_1QA6_003","25"
"IL_1MMS_001","25"
"IL_1MMS_003","25"
"IL_3D2V_006","26"
"IL_3BNP_002","26"
"IL_3BNP_003","26"
"IL_2GDI_008","26"
"IL_2GDI_004","26"
"IL_3D2V_003","26"
"IL_1NUJ_004","27"
"IL_3MEI_004","27"
"IL_2O3V_003","27"
"IL_1NUJ_001","27"
"IL_1NUJ_002","27"
"IL_1NUJ_003","27"
"IL_2NZ4_004","28"
"IL_3F1H_059","28"
"IL_2OZB_001","28"
"IL_2ZJR_024","28"
"IL_2IPY_001","28"
"IL_2IPY_004","28"
"IL_3F1H_099","29"
"IL_1S72_089","29"
"IL_2ZJR_094","29"
"IL_3F1H_020","29"
"IL_3F1H_072","29"
"IL_1S72_083","29"
"IL_2ZJR_098","30"
"IL_3F1H_019","30"
"IL_3F1H_095","30"
"IL_2IPY_003","30"
"IL_2IPY_006","30"
"IL_3F1H_103","30"
"IL_3P59_001","31"
"IL_2PN4_002","31"
"IL_2PN4_007","31"
"IL_2NOK_001","31"
"IL_2NOK_005","31"
"IL_1NTB_001","32"
"IL_3F1H_069","32"
"IL_1U9S_008","32"
"IL_1XOK_001","32"
"IL_1XOK_002","32"
"IL_2ZJR_041","33"
"IL_2ZI0_001","33"
"IL_3F1H_024","33"
"IL_3F1H_029","33"
"IL_1S72_046","33"
"IL_2ZJR_099","34"
"IL_3F1H_060","34"
"IL_3F1H_104","34"
"IL_1S72_019","34"
"IL_1S72_094","34"
"IL_1S72_053","35"
"IL_2QEK_002","35"
"IL_3F1H_030","35"
"IL_3MUR_001","35"
"IL_1KXK_002","36"
"IL_3G78_014","36"
"IL_1GID_007","36"
"IL_1GID_014","36"
"IL_1LNG_002","37"
"IL_3F1H_010","37"
"IL_3F1H_055","37"
"IL_2ZJR_054","37"
"IL_2NZ4_009","38"
"IL_2NZ4_003","38"
"IL_2NZ4_013","38"
"IL_2NZ4_006","38"
"IL_1FJG_020","39"
"IL_3F1H_036","39"
"IL_1S72_039","39"
"IL_2ZJR_033","39"
"IL_2ZJR_070","40"
"IL_3F1H_053","40"
"IL_3F1H_071","40"
"IL_2ZJR_048","40"
"IL_1FJG_046","41"
"IL_1FJG_039","41"
"IL_1S72_066","41"
"IL_2ZJR_026","42"
"IL_1S72_063","42"
"IL_2ZJR_064","42"
"IL_2O3V_002","43"
"IL_1FJG_008","43"
"IL_429D_002","43"
"IL_3F1H_110","44"
"IL_3MUR_005","44"
"IL_2ZJR_105","44"
"IL_3F1H_096","45"
"IL_1S72_087","45"
"IL_2ZJR_092","45"
"IL_2ZJR_103","46"
"IL_2GDI_001","46"
"IL_2GDI_005","46"
"IL_1LNG_001","47"
"IL_3F1H_106","47"
"IL_2ZJR_101","47"
"IL_2OIU_002","48"
"IL_1S72_069","48"
"IL_2QBZ_005","48"
"IL_3F1H_001","49"
"IL_1S72_001","49"
"IL_2ZJR_001","49"
"IL_3F1H_017","50"
"IL_1S72_025","50"
"IL_2ZJR_014","50"
"IL_3F1H_022","51"
"IL_1S72_031","51"
"IL_2ZJR_020","51"
"IL_3F1H_028","52"
"IL_2ZJR_028","52"
"IL_1FJG_047","52"
"IL_3F1H_038","53"
"IL_1S72_041","53"
"IL_2ZJR_035","53"
"IL_3F1H_044","54"
"IL_3BNQ_005","54"
"IL_3BNQ_011","54"
"IL_3F1H_061","55"
"IL_1S72_059","55"
"IL_2ZJR_060","55"
"IL_3F1H_065","56"
"IL_1DUH_003","56"
"IL_3FTF_001","56"
"IL_3F1H_093","57"
"IL_1S72_081","57"
"IL_1S72_084","57"
"IL_3F1H_111","58"
"IL_1S72_102","58"
"IL_1MJI_002","58"
"IL_1E7K_002","59"
"IL_2OZB_002","59"
"IL_1E7K_001","59"
"IL_2P7E_001","60"
"IL_1M5O_002","60"
"IL_1M5O_005","60"
"IL_2HW8_001","61"
"IL_2VPL_001","61"
"IL_2VPL_004","61"
"IL_2HOJ_002","62"
"IL_2GDI_002","62"
"IL_2GDI_006","62"
"IL_3OWZ_006","63"
"IL_1FJG_003","63"
"IL_3OWZ_002","63"
"IL_2ZJR_066","64"
"IL_3F1H_067","64"
"IL_1FJG_012","65"
"IL_1XJR_004","65"
"IL_3B5F_001","66"
"IL_1S72_057","66"
"IL_3F1H_013","67"
"IL_2ZJR_009","67"
"IL_3F1H_040","68"
"IL_2ZJR_037","68"
"IL_3F1H_051","69"
"IL_1S72_034","69"
"IL_3F1H_074","70"
"IL_2ZJR_073","70"
"IL_3F1H_076","71"
"IL_2ZJR_075","71"
"IL_3F1H_083","72"
"IL_1MZP_003","72"
"IL_3F1H_102","73"
"IL_2ZJR_097","73"
"IL_3F1H_107","74"
"IL_2ZJR_102","74"
"IL_1S72_056","75"
"IL_2ZJR_008","75"
"IL_1S72_060","76"
"IL_2ZJR_061","76"
"IL_1S72_093","77"
"IL_2ZJR_072","77"
"IL_1FJG_018","78"
"IL_3G78_013","78"
"IL_1FJG_061","79"
"IL_2ZY6_001","79"
"IL_3DIR_003","80"
"IL_3D0U_003","80"
"IL_1GID_004","81"
"IL_1GID_011","81"
"IL_1GID_006","82"
"IL_1GID_013","82"
"IL_1DUH_001","83"
"IL_1DUH_005","83"
"IL_3OWZ_004","84"
"IL_3OWZ_008","84"
"IL_3D2V_002","85"
"IL_3D2V_005","85"
"IL_1OOA_002","86"
"IL_1OOA_003","86"
"IL_283D_001","87"
"IL_1KD5_001","87"
"IL_2FQN_002","88"
"IL_2O3Y_002","88"
"IL_2FQN_003","89"
"IL_2OE5_002","89"
"IL_3F1H_009","90"
"IL_3F1H_012","91"
"IL_3F1H_025","92"
"IL_3F1H_041","93"
"IL_3F1H_052","94"
"IL_3F1H_058","95"
"IL_3F1H_082","96"
"IL_3F1H_109","97"
"IL_1S72_009","98"
"IL_1S72_011","99"
"IL_1S72_013","100"
"IL_1S72_015","101"
"IL_1S72_016","102"
"IL_1S72_017","103"
"IL_1S72_028","104"
"IL_1S72_036","105"
"IL_1S72_043","106"
"IL_1S72_044","107"
"IL_1S72_054","108"
"IL_1S72_058","109"
"IL_1S72_065","110"
"IL_1S72_071","111"
"IL_1S72_072","112"
"IL_1S72_073","113"
"IL_1S72_097","114"
"IL_1S72_100","115"
"IL_2ZJR_017","116"
"IL_2ZJR_051","117"
"IL_2ZJR_058","118"
"IL_2ZJR_059","119"
"IL_2ZJR_081","120"
"IL_2ZJR_104","121"
"IL_1FJG_009","122"
"IL_1FJG_011","123"
"IL_1FJG_017","124"
"IL_1FJG_019","125"
"IL_1FJG_021","126"
"IL_1FJG_022","127"
"IL_1FJG_026","128"
"IL_1FJG_030","129"
"IL_1FJG_031","130"
"IL_1FJG_032","131"
"IL_1FJG_034","132"
"IL_1FJG_037","133"
"IL_1FJG_041","134"
"IL_1FJG_045","135"
"IL_1FJG_048","136"
"IL_1FJG_049","137"
"IL_1FJG_050","138"
"IL_1FJG_053","139"
"IL_1FJG_054","140"
"IL_1FJG_055","141"
"IL_1FJG_063","142"
"IL_3G78_001","143"
"IL_3G78_003","144"
"IL_3G78_005","145"
"IL_3G78_006","146"
"IL_3G78_009","147"
"IL_3G78_011","148"
"IL_2QBZ_001","149"
"IL_2QBZ_002","150"
"IL_2QBZ_003","151"
"IL_1LNG_003","152"
"IL_1L9A_001","153"
"IL_1L9A_006","154"
"IL_2GIS_003","155"
"IL_2GIS_004","156"
"IL_3CUN_001","157"
"IL_1VBY_001","158"
"IL_2OIU_004","159"
"IL_1KXK_001","160"
"IL_3MOJ_001","161"
"IL_1MZP_002","162"
"IL_2PXV_001","163"
"IL_1MJI_004","164"
"IL_3BNL_002","165"
"IL_3BNL_003","166"
"IL_1NTB_002","167"
"IL_1NTB_004","168"
"IL_1SI3_001","169"
"IL_406D_002","170"
"IL_3P59_003","171"
"IL_429D_001","172"